123-129,AA,count,average
0.0,M,0,
0.0,R,0,
0.0,F,0,
0.0,F,0,
0.0,V,0,
0.0,P,0,
0.0,L,0,
0.0,F,0,
0.0,L,0,
0.0,V,0,
0.0,G,0,
0.0,I,0,
0.0,L,0,
0.0,F,0,
0.0,P,0,
0.0,A,0,
0.0,I,0,
0.0,L,0,
0.0,A,0,
0.0,K,0,
0.0,Q,0,
0.0,F,0,
0.0,T,0,
0.0,K,0,
0.0,C,0,
0.0,E,0,
0.0,L,0,
0.0,S,0,
0.0,Q,0,
0.0,L,0,
0.0,L,0,
0.0,K,0,
0.0,D,0,
0.0,I,0,
0.0,D,0,
0.0,G,0,
0.0,Y,0,
0.0,G,0,
0.0,G,0,
0.0,I,0,
0.0,A,0,
0.0,L,0,
0.0,P,0,
0.0,E,0,
0.0,L,0,
0.0,I,0,
0.0,C,0,
0.0,T,0,
0.0,M,0,
0.0,F,0,
0.0,H,0,
0.0,T,0,
0.0,S,0,
0.0,G,0,
0.0,Y,0,
0.0,D,0,
0.0,T,0,
0.0,Q,0,
0.0,A,0,
0.0,I,0,
0.0,V,0,
0.0,E,0,
0.0,N,0,
0.0,N,0,
0.0,E,0,
0.0,S,0,
0.0,T,0,
0.0,E,0,
0.0,Y,0,
0.0,G,0,
0.0,L,0,
0.0,F,0,
0.0,Q,0,
0.0,I,0,
0.0,S,0,
0.0,N,0,
0.0,K,0,
0.0,L,0,
0.0,W,0,
0.0,C,0,
0.0,K,0,
0.0,S,0,
0.0,S,0,
0.0,Q,0,
0.0,V,0,
0.0,P,0,
0.0,Q,0,
0.0,S,0,
0.0,R,0,
0.0,N,0,
0.0,I,0,
0.0,C,0,
0.0,D,0,
0.0,I,0,
0.0,S,0,
0.0,C,0,
0.0,D,0,
0.0,K,0,
0.0,F,0,
0.0,L,0,
0.0,D,0,
0.0,D,0,
0.0,D,0,
0.0,I,0,
0.0,T,0,
0.0,D,0,
0.0,D,0,
0.0,I,0,
0.0,M,0,
0.0,C,0,
0.0,A,0,
0.0,K,0,
0.0,K,0,
0.0,I,0,
0.0,L,0,
0.0,D,0,
0.0,I,0,
0.0,K,0,
0.0,G,0,
0.0,I,0,
0.0,D,0,
0.0,Y,0,
393804.0416666667,W,1,196902.52083333334
393804.0416666667,L,1,196902.52083333334
393804.0416666667,A,1,196902.52083333334
393804.0416666667,H,1,196902.52083333334
393804.0416666667,K,1,196902.52083333334
393804.0416666667,A,1,196902.52083333334
393804.0416666667,L,1,196902.52083333334
0.0,C,0,
0.0,T,0,
0.0,E,0,
0.0,K,0,
0.0,L,0,
0.0,E,0,
0.0,Q,0,
0.0,W,0,
0.0,L,0,
0.0,C,0,
0.0,E,0,
0.0,K,0,
0.0,L,0,
